scenario,year,mean,low,high
ssp126,2015,288.1459914640896,287.83328042657683,288.46543221182225
ssp126,2016,288.22077170605394,287.9216865092618,288.5787749611514
ssp126,2017,288.1983197671622,287.8957319016903,288.5292136324501
ssp126,2018,288.2897739347877,288.0126799199055,288.57824005766423
ssp126,2019,288.3981165521329,288.2137160131022,288.65566539950476
ssp126,2020,288.418476977828,288.2930103292611,288.6643151408025
ssp126,2021,288.3889374020205,288.0650479045228,288.62606370644625
ssp126,2022,288.5440564654802,288.28350971951636,288.7894162323474
ssp126,2023,288.54734622841937,288.3227580165806,288.7778742606308
ssp126,2024,288.57128161144425,288.3904969295681,288.80774655662134
ssp126,2025,288.57229412255475,288.4247538386615,288.8593563583153
ssp126,2026,288.66466998603715,288.3234998897281,288.9955175047134
ssp126,2027,288.74502238383417,288.3639747167618,289.1776775250535
ssp126,2028,288.6762183144439,288.30676261912237,289.24638322513016
ssp126,2029,288.6324617922526,288.333792156076,289.2171758867812
ssp126,2030,288.70162150550476,288.38961670775524,289.1637261514189
ssp126,2031,288.7031281201199,288.4957251731193,289.04043955092453
ssp126,2032,288.65792428405877,288.330044463301,289.1448418585692
ssp126,2033,288.7826313396283,288.53158345310806,289.24810340088726
ssp126,2034,288.76612165365776,288.46394030248666,289.2405924827552
ssp126,2035,288.8349115181672,288.63003224633786,289.2248606091626
ssp126,2036,288.8914189250675,288.7156110382857,289.23633980705944
ssp126,2037,288.8760700631415,288.6032427350005,289.29613186709906
ssp126,2038,288.9301975876915,288.73501263497286,289.2294263572655
ssp126,2039,289.05103040905016,288.8030150490855,289.3837776380289
ssp126,2040,288.97040611224025,288.61512140553805,289.41406943496185
ssp126,2041,288.9555001063668,288.5902325145846,289.41500181052305
ssp126,2042,289.10074428746054,288.80400277607436,289.4345440485209
ssp126,2043,289.11557375566986,288.93515878047833,289.4652711045614
ssp126,2044,289.08781054796697,288.80473672774525,289.4399590031753
ssp126,2045,289.0907491267897,288.75331145304557,289.5405883377486
ssp126,2046,289.2072765749522,289.0202471958682,289.54072787071897
ssp126,2047,289.1614022789574,288.76804866660365,289.5875998940355
ssp126,2048,289.1720230687385,288.7825887224462,289.6399646379518
ssp126,2049,289.1936890293444,288.9348395601515,289.56176571587093
ssp126,2050,289.18570837361904,288.84724449300876,289.59712374448713
ssp126,2051,289.1444787896541,288.7178565564721,289.5670041776088
ssp126,2052,289.25959329475944,288.8322670916945,289.63091602952215
ssp126,2053,289.2517345527026,288.8892114111173,289.65762338260555
ssp126,2054,289.17243970713656,288.87148930158855,289.51287952942835
ssp126,2055,289.2220254307303,289.02052405558186,289.57856606126296
ssp126,2056,289.23074377818784,288.81721970473114,289.5154466957852
ssp126,2057,289.14923142863216,288.86213575089636,289.4484704140928
ssp126,2058,289.1906150978793,288.9497669244129,289.39184218581414
ssp126,2059,289.22381051503913,288.90815837625735,289.5304218338648
ssp126,2060,289.34634205801007,289.12734822125947,289.5678535018482
ssp126,2061,289.38277726143184,288.97028630423745,289.87623641787906
ssp126,2062,289.32175344429265,288.82740899537686,289.7876812400552
ssp126,2063,289.2430765835003,288.78441927297564,289.62699491219365
ssp126,2064,289.3148552755726,288.8440009394033,289.77790256202474
ssp126,2065,289.3515752678335,288.9720142901749,289.8016277365206
ssp126,2066,289.38868021432086,289.00601486912154,289.751700577192
ssp126,2067,289.3689859732227,288.91027894365874,289.8283465836954
ssp126,2068,289.2709271173946,288.85303576236834,289.7047669657923
ssp126,2069,289.323513104391,288.8404707481905,289.73379644879526
ssp126,2070,289.41890202648096,288.9955443018857,289.8149446075799
ssp126,2071,289.43924935715677,289.1463011139806,289.80751574539505
ssp126,2072,289.36089949162016,288.9516144737754,289.69048273230277
ssp126,2073,289.3850661943536,289.0382686198914,289.75798339588493
ssp126,2074,289.35329875227194,288.9814323202292,289.6955475793854
ssp126,2075,289.3146398064241,288.93617510684527,289.6288676151308
ssp126,2076,289.4030854540281,289.09668641188745,289.77613604551107
ssp126,2077,289.35026186926945,288.9111556807599,289.6699565611722
ssp126,2078,289.3171061272783,288.8561789780705,289.6759376664224
ssp126,2079,289.2812341790865,288.70249804965084,289.71585341330547
ssp126,2080,289.3128364020112,288.9199679354679,289.52423752289104
ssp126,2081,289.41893623550686,289.07287382835557,289.6237793368249
ssp126,2082,289.3830753901239,288.94451234376515,289.6714890681803
ssp126,2083,289.2959976331227,288.8978607937264,289.5886811553336
ssp126,2084,289.3287327934702,289.08747907753275,289.52121539422797
ssp126,2085,289.36480639009574,288.9729492993333,289.5969937942322
ssp126,2086,289.2789722375309,288.97596664225983,289.52017915109434
ssp126,2087,289.308286280599,288.9272136923701,289.5751525562947
ssp126,2088,289.38409432902586,288.8751611261293,289.6718791863973
ssp126,2089,289.2836870056472,288.83220288378396,289.56402052419133
ssp126,2090,289.3635200504516,288.9590641158889,289.63415186217986
ssp126,2091,289.32153968715073,288.88786297362304,289.6456735032189
ssp126,2092,289.24122177770295,288.6872328652836,289.5829828528169
ssp126,2093,289.27546029496534,288.71008839827175,289.67935057013
ssp126,2094,289.29890992237955,288.7731113952005,289.7502016845487
ssp126,2095,289.38357103848176,288.96833605266846,289.7880263794429
ssp126,2096,289.36878386194917,288.7904140790761,289.8316990171283
ssp126,2097,289.2682487032985,288.6878966507721,289.824781961549
ssp126,2098,289.2825718218616,288.74811113696944,289.7409394445595
ssp126,2099,289.307299290838,288.75795592060416,289.6972125032227
ssp126,2100,289.21473545628356,288.7406207501014,289.53827573959194
ssp245,2015,288.1740599379417,287.9449269168402,288.49347226030204
ssp245,2016,288.2102165764548,287.843090343754,288.56239575781365
ssp245,2017,288.25133539852214,288.02260529857983,288.47024776211407
ssp245,2018,288.32105486919,288.0413334833724,288.53451092966264
ssp245,2019,288.4152856453088,287.99343924808585,288.88658056291564
ssp245,2020,288.3880617743603,288.0396841593186,288.87476572980563
ssp245,2021,288.4863863448727,288.1278758948386,288.92585049850976
ssp245,2022,288.5483981534128,288.27838861357617,288.8108340422311
ssp245,2023,288.5871369421575,288.2544040998519,288.9569164246471
ssp245,2024,288.6250742648276,288.2850017483698,289.0684668550888
ssp245,2025,288.5746775501154,288.35336339123097,288.90374436540634
ssp245,2026,288.60176708590774,288.37355701545386,288.9236143129116
ssp245,2027,288.7006587093028,288.5187136827938,289.0420131075031
ssp245,2028,288.72767756770986,288.5107395007042,289.14077395533485
ssp245,2029,288.7373336411653,288.47813166873476,289.10486808627
ssp245,2030,288.73287877790426,288.4164212549248,289.12804991316136
ssp245,2031,288.75241183501566,288.55794140190636,289.0817893512106
ssp245,2032,288.7913394007208,288.4271517688382,289.21360383025245
ssp245,2033,288.78254350573707,288.6009458504363,289.08092432533664
ssp245,2034,288.7910192062871,288.56869060712114,289.1141775206459
ssp245,2035,288.79986073631216,288.63013880345306,289.0719382367398
ssp245,2036,288.7528811903929,288.4273208301017,289.05944469047955
ssp245,2037,288.82619861784974,288.6151013352753,289.2425004002003
ssp245,2038,288.95205911949,288.8675335249297,289.0931230477593
ssp245,2039,289.0133336080709,288.8095460616219,289.2366432903614
ssp245,2040,289.11027556185996,288.9181378294566,289.3860943716338
ssp245,2041,289.1359246236761,288.87186854913745,289.5908468742791
ssp245,2042,289.1696847035814,288.91430889229645,289.4775067534759
ssp245,2043,289.22405879035205,288.9068164817568,289.6154432185402
ssp245,2044,289.2250966780786,288.95877666806865,289.6902316190495
ssp245,2045,289.2993237207249,289.1114618731885,289.6387201517866
ssp245,2046,289.204479312977,289.001228803189,289.4822786122488
ssp245,2047,289.26625801404913,288.9692178847379,289.5987705650812
ssp245,2048,289.3753663622963,289.2444817782701,289.6029394734459
ssp245,2049,289.3440853052036,289.15173515882526,289.62695501898514
ssp245,2050,289.2804745084768,289.0196942633465,289.6538680156803
ssp245,2051,289.348203564804,289.1081864652696,289.6258932718834
ssp245,2052,289.38846603332803,289.2342645369685,289.6303048665463
ssp245,2053,289.5276226234696,289.31329082916,289.7552871568042
ssp245,2054,289.553714291095,289.3810743166031,289.85883782759913
ssp245,2055,289.63598601554423,289.465960716567,289.8884447431587
ssp245,2056,289.64388421965805,289.29461193412953,290.0101807778611
ssp245,2057,289.6083970064555,289.43335340217635,289.874200796539
ssp245,2058,289.60793778226343,289.31444007482713,289.8457626910736
ssp245,2059,289.64096606683046,289.2685372322919,289.8899088713038
ssp245,2060,289.6216971867755,289.3891821826681,290.01527456707345
ssp245,2061,289.71424439063327,289.2913880788539,290.1732169394606
ssp245,2062,289.74775623539745,289.3431445005466,290.0739168800083
ssp245,2063,289.74526221426214,289.3679095669747,290.1969700558954
ssp245,2064,289.8350043986579,289.6285684417282,290.2300006750145
ssp245,2065,289.9023262196808,289.6208594979923,290.27578683917983
ssp245,2066,289.80827262530175,289.5001251134142,290.289132151585
ssp245,2067,289.89530947941256,289.7096124279047,290.24649643360806
ssp245,2068,289.84338535251305,289.40970196023517,290.2564375619982
ssp245,2069,289.93762981374715,289.5060464153042,290.35613108815033
ssp245,2070,289.9727389655631,289.596604972187,290.3327145672729
ssp245,2071,290.027906781496,289.72597227882983,290.300997794565
ssp245,2072,289.9615578809166,289.5827801602304,290.3249572961648
ssp245,2073,289.90540433372826,289.42127373110833,290.32798283830647
ssp245,2074,289.98357082194923,289.5380493322198,290.37533480287374
ssp245,2075,290.03764527842606,289.6968107785844,290.3801328663468
ssp245,2076,290.05731991018024,289.68506031030137,290.4119918728822
ssp245,2077,290.00573619091466,289.57348108652434,290.4678841558607
ssp245,2078,290.0542672455395,289.84050429263215,290.4789556096171
ssp245,2079,290.19209236750794,289.7822395907657,290.60909977603495
ssp245,2080,290.1064789937173,289.5954076467549,290.5923592602044
ssp245,2081,290.10378307933564,289.69664258450115,290.43207158672584
ssp245,2082,290.08140676067046,289.68000367399713,290.5176999680618
ssp245,2083,290.1884415295148,289.8742619644051,290.470267050862
ssp245,2084,290.1855596821869,289.8156875571464,290.56752892538776
ssp245,2085,290.17584329185644,289.7257919170613,290.5248354023467
ssp245,2086,290.2184856824542,289.76143677109445,290.6737839070831
ssp245,2087,290.2108778963027,289.61813658765846,290.68834210734445
ssp245,2088,290.19473149827604,289.6108335376049,290.6955081794504
ssp245,2089,290.2915556894438,289.78484564547983,290.7667825116768
ssp245,2090,290.30834259558543,289.8987776781731,290.71995574295005
ssp245,2091,290.2839420039411,289.7041654584723,290.7726374922762
ssp245,2092,290.3329206263041,289.80819739643607,290.8337196876758
ssp245,2093,290.3796610936151,290.1301226097835,290.6358277552806
ssp245,2094,290.30599941508916,289.96145470385835,290.62374247174927
ssp245,2095,290.3663263923867,289.8846408093064,290.8108849207502
ssp245,2096,290.42179457082875,289.8752196500214,290.85726892831804
ssp245,2097,290.3532908271173,289.8986186471931,290.7948156897583
ssp245,2098,290.30909576082644,289.72906638108276,290.739089304823
ssp245,2099,290.323324719405,289.7424517739713,290.73764974468793
ssp245,2100,290.3128339448388,289.6714983163819,290.79666955409544
ssp585,2015,288.1567010189144,287.85850009467293,288.5210069082884
ssp585,2016,288.23266452815506,287.9708260667863,288.51687563166115
ssp585,2017,288.29825192941763,287.9426091136674,288.51528097757426
ssp585,2018,288.3826923387835,288.04332118626775,288.67302149717386
ssp585,2019,288.3380033118632,288.08895046646836,288.72204052963554
ssp585,2020,288.2534851003789,287.9920127461202,288.6130693537216
ssp585,2021,288.4158419302705,288.29010178804805,288.65765955141904
ssp585,2022,288.40166707500697,288.22562075453294,288.567416853452
ssp585,2023,288.52887311666956,288.30713856677374,288.72538466439545
ssp585,2024,288.7123097743461,288.52191759840815,288.92276009566507
ssp585,2025,288.6319585811273,288.35290388709046,288.91485196242724
ssp585,2026,288.6433284495128,288.42058295327837,289.00003960227514
ssp585,2027,288.77553517679434,288.5199606365739,289.12780693125234
ssp585,2028,288.82562168141015,288.65139401797245,289.08998926848955
ssp585,2029,288.78866064800553,288.5754707190038,289.1540739657849
ssp585,2030,288.79864612085845,288.5165573831958,289.01313239875134
ssp585,2031,288.8214297767643,288.6602211658175,289.1132356874488
ssp585,2032,288.911141813451,288.65350195953357,289.2363967531093
ssp585,2033,288.970042187224,288.6968607905029,289.25573120574455
ssp585,2034,288.996031614317,288.7023452702508,289.43416713080387
ssp585,2035,288.9432325297469,288.68537977136623,289.4338287296436
ssp585,2036,289.02607277791634,288.8180776238049,289.3731948513998
ssp585,2037,289.17418652669124,288.92926859857477,289.6080430252642
ssp585,2038,289.2377907156659,289.0066092282371,289.69070217782365
ssp585,2039,289.14077593794667,288.76935462908614,289.67350332650176
ssp585,2040,289.1553063854364,288.8261548208903,289.7315491466174
ssp585,2041,289.1596191850951,288.8555050281586,289.57386442727034
ssp585,2042,289.073967715127,288.8744013645264,289.40224194863623
ssp585,2043,289.1939305719431,288.9136546239111,289.6207959315559
ssp585,2044,289.36778166152016,289.1062543942467,289.83370482610866
ssp585,2045,289.3644784221436,289.0866967567941,289.9014457151557
ssp585,2046,289.479490421731,289.0950860234049,289.97259572820934
ssp585,2047,289.46294686856396,289.1760764440982,289.84579496015175
ssp585,2048,289.5336543865373,289.3309761727873,289.93348964695036
ssp585,2049,289.6648907204667,289.43316897031053,290.09460992017415
ssp585,2050,289.6616276181871,289.29636121066534,290.0299470794926
ssp585,2051,289.6335770424926,289.44634805547383,289.94693146411913
ssp585,2052,289.7407489443129,289.3925551591077,290.2301844853868
ssp585,2053,289.92676110414385,289.5862508655555,290.3197338503244
ssp585,2054,290.0799614618206,289.80039650707283,290.3976702183411
ssp585,2055,289.9962740720567,289.61141708829547,290.38078019691017
ssp585,2056,289.95933929596634,289.53621679077014,290.3757814967801
ssp585,2057,290.1164684163161,289.7044688289751,290.49491926694947
ssp585,2058,290.18931604032804,290.02316540089356,290.4928568829321
ssp585,2059,290.16316696834576,289.9032981036809,290.4878944730496
ssp585,2060,290.23275096420144,289.89660481800996,290.5918677557549
ssp585,2061,290.32982544134126,290.000957964417,290.6770875228705
ssp585,2062,290.4798810979682,290.21924985246824,290.84465766357977
ssp585,2063,290.44195232206397,290.1832381524548,290.73771607022314
ssp585,2064,290.46910145348573,289.92491183678044,290.94692375495805
ssp585,2065,290.50902736727966,290.019572680895,291.03434508805293
ssp585,2066,290.6224253559796,290.34316726104885,290.83153097727285
ssp585,2067,290.59667274945923,290.1894492594122,290.8183450874839
ssp585,2068,290.61007560061427,290.22286902922787,290.8037506910469
ssp585,2069,290.70275961805413,290.24705508047924,291.0044513072375
ssp585,2070,290.77978182752855,290.26535371888235,291.1349020607104
ssp585,2071,290.9058052883118,290.4478792981608,291.2064541781977
ssp585,2072,290.84529406231644,290.34840795123,291.301840523454
ssp585,2073,290.9168220142522,290.56183191259294,291.30491112104403
ssp585,2074,291.00810754086666,290.54059686898205,291.28572435549614
ssp585,2075,291.0726571020847,290.49668850776146,291.4529762160774
ssp585,2076,291.1318646265186,290.59758179844556,291.5621343189382
ssp585,2077,291.2070934084955,290.7819648220164,291.4917497895821
ssp585,2078,291.371318223307,290.89636588019016,291.8181874855216
ssp585,2079,291.39126209872734,290.995390718888,291.7527739031249
ssp585,2080,291.5239863751076,291.07049354022337,291.81531828159393
ssp585,2081,291.6117004727253,291.08813488937534,291.8743596946992
ssp585,2082,291.6218644551022,291.0580082434442,292.0015528041062
ssp585,2083,291.7322996559971,291.209239647682,292.01882662929205
ssp585,2084,291.78417409675825,291.21976904525656,292.0876631781774
ssp585,2085,291.7767435726906,291.19665654921397,292.1708129279065
ssp585,2086,291.85096295713805,291.4143162761893,292.11152109851554
ssp585,2087,291.8023332238175,291.2226075007548,292.2061445905955
ssp585,2088,291.89377760100024,291.29113071318744,292.30622371520013
ssp585,2089,292.04670908832395,291.5386550165706,292.36441290721217
ssp585,2090,292.16797362513904,291.91803709864365,292.4678950913933
ssp585,2091,292.0789051675102,291.4979425030954,292.39933734550533
ssp585,2092,292.1879817650399,291.5906755577339,292.5532894255601
ssp585,2093,292.3214935785042,291.75616222805564,292.6607487824327
ssp585,2094,292.22661671374277,291.72440215351895,292.5180670623467
ssp585,2095,292.3721544710748,291.77180893351016,292.8204209654843
ssp585,2096,292.4627762423676,291.82263454291905,292.88617627721356
ssp585,2097,292.4885597201837,291.9478407961568,292.9736605048533
ssp585,2098,292.5323395749249,291.9235249578349,293.03175686807805
ssp585,2099,292.60369926519695,292.07683992617484,293.01211222448154
ssp585,2100,292.7248078247703,292.08138126708786,293.26702347134454
